division,order_number,customer_name,proj_num,order_create_date,eck_date,BD_Act_Compl_Date,budget_hours,acutal_hours,Complexity,eck_lead_wks,eck_range_high,eck_range_low,include,days_to_book,eck_month,book_month,fiscal_year,above_limit
VP,1901766301,"DPH GENERAL CONTRACTORS, LLC",19017663,2019-08-20,2019-12-13,NA,176.9,114.5,Moderate (100-200),16.43,16.42,1.38,No,NA,2019-12-01,NA,2020,0.00999999999999801
VP,1901339001,"BAKER BUILDERS, LLC",19013390,2019-06-17,2019-10-02,2019-10-08,131.25,115,Moderate (100-200),15.29,15.28,1.03,No,6,2019-10-01,2019-10-01,2020,0.00999999999999979
BUTLER,1803025101,"WITMER'S, INC.",18030251,2018-05-04,2018-08-16,2018-08-17,114,96.25,Moderate (100-200),14.86,14.85,0.9,No,1,2018-08-01,2018-08-01,2019,0.00999999999999979
VP,1700763401,"HANSEN-RICE, INC.",17007634,2017-03-31,2017-07-20,2017-09-27,154,187.15,Moderate (100-200),15.86,15.85,1.21,No,69,2017-07-01,2017-09-01,2018,0.00999999999999979
VP,1802209801,"CHG BUILDING SYSTEMS, INC.",18022098,2018-02-13,2018-07-16,2018-08-21,393.66,58.25,Complex (200-400),21.86,21.84,3,No,36,2018-07-01,2018-08-01,2019,0.0199999999999996
BUTLER,1803541601,"RICE COMPANIES, INC",18035416,2018-07-11,2018-10-25,2018-10-25,125,175.25,Moderate (100-200),15.14,15.12,0.99,No,0,2018-10-01,2018-10-01,2019,0.0200000000000014
VP,1803520201,"BRAND CONSTRUCTION, INC.",18035202,2018-07-09,2018-10-22,2018-10-23,118.9,226,Moderate (100-200),15,14.97,0.94,No,1,2018-10-01,2018-10-01,2019,0.0299999999999994
VP,1702619901,"HANSEN-RICE, INC.",17026199,2017-11-03,2018-02-09,2018-02-12,78.96,127.17,Simple (<=100),14,13.97,0.64,No,3,2018-02-01,2018-02-01,2018,0.0299999999999994
VP,1900211701,"JESCO, INC. CONSTRUCTION",19002117,2019-02-07,2019-06-04,2019-06-04,186.82,219,Moderate (100-200),16.71,16.67,1.45,No,0,2019-06-01,2019-06-01,2019,0.0399999999999991
VP,1901633401,"CLENDENIN BROS., INC.",19016334,2019-07-29,2019-11-20,2019-11-21,169.96,236.9,Moderate (100-200),16.29,16.25,1.32,No,1,2019-11-01,2019-11-01,2020,0.0399999999999991
VP,1900287801,"BUILDING STRUCTURES & EXTERIORS, LLC",19002878,2019-06-03,2019-09-04,2019-10-15,50.12,73.13,Simple (<=100),13.29,13.25,0.43,No,41,2019-09-01,2019-10-01,2020,0.0399999999999991
VP,1901007001,PARIC CORPORATION,19010070,2019-05-20,2019-09-20,2019-09-20,220.79,231.75,Complex (200-400),17.57,17.52,1.71,No,0,2019-09-01,2019-09-01,2020,0.0500000000000007
BUTLER,1802070201,"U-HAUL INTERNATIONAL, INC.",18020702,2018-01-25,2018-05-23,2018-05-25,192,165.5,Moderate (100-200),16.86,16.8,1.49,No,2,2018-05-01,2018-05-01,2018,0.0599999999999987
BUTLER,1701009701,"GRAE-CON CONSTRUCTION, INC.",17010097,2017-04-17,2017-08-16,2017-08-17,209,397.5,Complex (200-400),17.29,17.23,1.62,No,1,2017-08-01,2017-08-01,2018,0.0599999999999987
BUTLER,1901454101,"RUSSELL P. LEFROIS BUILDER, INC.",19014541,2019-07-02,2019-10-07,2019-10-07,72,112.5,Simple (<=100),13.86,13.8,0.59,No,0,2019-10-01,2019-10-01,2020,0.0599999999999987
VP,1802543201,"BCM CONSTRUCTION COMPANY, INC.",18025432,2018-03-16,2018-06-25,2018-07-18,94.61,107.47,Simple (<=100),14.43,14.37,0.76,No,23,2018-06-01,2018-07-01,2018,0.0600000000000005
BUTLER,1701996301,"YOUNG CONSTRUCTION GROUP OF IDAHO, INC.",17019963,2017-08-17,2018-01-09,2018-01-09,346,542,Complex (200-400),20.71,20.65,2.64,No,0,2018-01-01,2018-01-01,2018,0.0600000000000023
BUTLER,1802626801,"ALTMANN CONSTRUCTION COMPANY, INC.",18026268,2018-03-23,2018-06-19,2018-06-26,20,13,CII/FT,12.57,12.5,0.2,No,7,2018-06-01,2018-06-01,2018,0.0700000000000003
BUTLER,1702408601,"T. VIOLE' CONSTRUCTION COMPANY, INC",17024086,2017-10-05,2018-03-12,2018-03-09,420,219.25,High Complex (400-800),22.57,22.5,3.2,No,-3,2018-03-01,2018-03-01,2018,0.0700000000000003
BUTLER,1701728401,"ROZELL INDUSTRIES, INC.",17017284,2017-07-17,2017-10-27,2017-10-30,100,113.25,Simple (<=100),14.57,14.5,0.8,No,3,2017-10-01,2017-10-01,2018,0.0700000000000003
BUTLER,1702485301,"TWIN PINES CONSTRUCTION, LLC",17024853,2017-10-17,2018-05-09,2018-06-19,682,732.75,High Complex (400-800),29.14,29.05,5.17,No,41,2018-05-01,2018-06-01,2018,0.0899999999999999
VP,1803102801,"1848 CONSTRUCTION, INC.",18031028,2018-05-15,2018-08-16,2018-08-16,48,135,Simple (<=100),13.29,13.2,0.41,No,0,2018-08-01,2018-08-01,2019,0.0899999999999999
BUTLER,1702264101,WALKER DESIGN & CONSTRUCTION CO.,17022641,2017-09-20,2018-01-05,2018-01-08,128,43.75,Moderate (100-200),15.29,15.2,1.01,No,3,2018-01-01,2018-01-01,2018,0.0899999999999999
VP,1804370201,"BC CONSTRUCTION GROUP, LLC",18043702,2018-10-31,2019-02-06,2019-02-07,76.6,112.5,Simple (<=100),14,13.91,0.62,No,1,2019-02-01,2019-02-01,2019,0.0899999999999999
VP,1802009201,DUBLIN BUILDING SYSTEMS,18020092,2018-04-09,2018-07-20,2018-07-20,98.65,94.25,Simple (<=100),14.57,14.47,0.79,No,0,2018-07-01,2018-07-01,2019,0.0999999999999996
VP,1803825701,ROY NESS CONTRACTING,18038257,2018-08-27,2018-12-17,2018-12-18,155.8,264.5,Moderate (100-200),16,15.89,1.22,No,1,2018-12-01,2018-12-01,2019,0.109999999999999
VP,1902075401,PARIC CORPORATION,19020754,2019-09-26,2020-01-28,NA,224.01,28.5,Complex (200-400),17.71,17.6,1.73,No,NA,2020-01-01,NA,2020,0.109999999999999
BUTLER,1804187701,A. V. LAKE CONSTRUCTION COMPANY,18041877,2018-10-03,2019-02-06,2019-02-07,235,380.5,Complex (200-400),18,17.88,1.81,No,1,2019-02-01,2019-02-01,2019,0.120000000000001
BUTLER,1902217901,DURA CONSTRUCTION LTD.,19022179,2019-10-14,2020-02-11,NA,201,53.25,Complex (200-400),17.14,17.02,1.56,No,NA,2020-02-01,NA,2020,0.120000000000001
VP,1802840901,OLIVER CONSTRUCTION CO.,18028409,2018-04-16,2018-08-07,2018-08-13,160.31,134,Moderate (100-200),16.14,16.01,1.25,No,6,2018-08-01,2018-08-01,2019,0.129999999999999
BUTLER,1602341701,OREILLY AUTOMOTIVE,16023417,2016-10-10,2017-01-24,2018-11-02,120,116,Moderate (100-200),15.14,15,0.95,No,647,2017-01-01,2018-11-01,2017,0.140000000000001
BUTLER,1902024801,"LARSON-DANIELSON CONSTR. CO., INC",19020248,2019-09-19,2020-01-10,NA,160,70.95,Moderate (100-200),16.14,16,1.25,No,NA,2020-01-01,NA,2020,0.140000000000001
VP,1803185701,"MALOUF CONSTRUCTION, LLC",18031857,2018-05-25,2018-09-19,2018-09-19,182.43,140,Moderate (100-200),16.71,16.56,1.42,No,0,2018-09-01,2018-09-01,2019,0.150000000000002
VP,1900245701,INDUSTRIAL BUILDING SYSTEMS,19002457,2019-01-31,2019-05-09,2019-05-09,73.5,85.5,Simple (<=100),14,13.84,0.6,No,0,2019-05-01,2019-05-01,2019,0.16
VP,1802143801,METAL CRAFT CONSTRUCTION,18021438,2018-03-07,2018-06-08,2018-06-15,44.89,65.67,Simple (<=100),13.29,13.12,0.39,No,7,2018-06-01,2018-06-01,2018,0.17
VP,1804102801,ASCENT CONSTRUCTION,18041028,2018-10-19,2019-01-22,2019-01-23,56.12,113,Simple (<=100),13.57,13.4,0.47,No,1,2019-01-01,2019-01-01,2019,0.17
VP,1700669601,"CANNON BUILDING SYSTEMS, INC.",17006696,2017-03-09,2017-06-13,2017-06-20,61.61,64.95,Simple (<=100),13.71,13.54,0.51,No,7,2017-06-01,2017-06-01,2017,0.170000000000002
BUTLER,1901711601,ISLAND INDUSTRIES LTD.,19017116,2019-08-07,2019-12-03,NA,187,192,Moderate (100-200),16.86,16.68,1.45,No,NA,2019-12-01,NA,2020,0.18
VP,1901477801,LAMMERS CONSTRUCTION,19014778,2019-07-08,2019-10-18,2019-10-21,95.43,164.5,Simple (<=100),14.57,14.39,0.77,No,3,2019-10-01,2019-10-01,2020,0.18
BUTLER,1701716601,PILOT TRAVEL CENTERS LLC,17017166,2017-07-18,2017-10-24,2017-10-25,73,59,Simple (<=100),14,13.82,0.6,No,1,2017-10-01,2017-10-01,2018,0.18
BUTLER,1900245801,"DOWNS CONSTRUCTION COMPANY, LLC",19002458,2019-02-01,2019-05-14,2019-05-09,95,100,Simple (<=100),14.57,14.38,0.76,No,-5,2019-05-01,2019-05-01,2019,0.19
BUTLER,1701841101,"DUBLIN CONSTRUCTION CO., INC.",17018411,2017-07-31,2017-12-05,2017-12-05,238,292.5,Complex (200-400),18.14,17.95,1.84,No,0,2017-12-01,2017-12-01,2018,0.190000000000001
VP,1802694601,"PATCO CONSTRUCTION, INC.",18026946,2018-04-02,2018-08-16,2018-08-17,289.52,129,Complex (200-400),19.43,19.24,2.22,No,1,2018-08-01,2018-08-01,2019,0.190000000000001
BUTLER,1803546701,"NORTH VALLEY BUILDING SYSTEMS, INC",18035467,2018-07-12,2018-11-16,2018-11-19,238,204.25,Complex (200-400),18.14,17.95,1.84,No,3,2018-11-01,2018-11-01,2019,0.190000000000001
VP,1900628201,VANSTON-O'BRIEN C/O WOLVERINE STEEL ERECTORS,19006282,2019-06-28,2019-11-26,NA,375.2,67,Complex (200-400),21.57,21.38,2.86,No,NA,2019-11-01,NA,2020,0.190000000000001
VP,1803148001,AMERICAN REALTY & DEVELOPMENT LLC,18031480,2018-06-05,2018-09-12,2018-09-12,78.18,78.11,Simple (<=100),14.14,13.95,0.64,No,0,2018-09-01,2018-09-01,2019,0.190000000000001
VP,1700670901,"HANSEN-RICE, INC.",17006709,2017-05-10,2017-08-18,2017-08-22,83.5,71.8,Simple (<=100),14.29,14.09,0.68,No,4,2017-08-01,2017-08-01,2018,0.199999999999999
VP,1802536301,LYNAM CONSTRUCTION LLC,18025363,2018-04-05,2018-08-14,2018-08-14,260.04,303,Complex (200-400),18.71,18.5,2,No,0,2018-08-01,2018-08-01,2019,0.210000000000001
BUTLER,1702639801,"NORTH VALLEY BUILDING SYSTEMS, INC",17026398,2017-11-02,2018-01-30,2018-02-19,20,24,CII/FT,12.71,12.5,0.2,No,20,2018-01-01,2018-02-01,2018,0.210000000000001
VP,1902262101,"ALT CONSTRUCTION, LLC",19022621,2019-10-17,2020-02-21,NA,236.86,8,Complex (200-400),18.14,17.92,1.83,No,NA,2020-02-01,NA,2020,0.219999999999999
BUTLER,1804771601,HUDSON BROTHERS CONSTRUCTION COMPANY,18047716,2018-12-19,2019-05-14,2019-05-15,345,424.5,Complex (200-400),20.86,20.62,2.64,No,1,2019-05-01,2019-05-01,2019,0.239999999999998
BUTLER,1701884501,"DALJCON, L.L.C.",17018845,2017-08-04,2017-11-09,2017-11-10,65,84.75,Simple (<=100),13.86,13.62,0.54,No,1,2017-11-01,2017-11-01,2018,0.24
BUTLER,1901484901,"CUMBERLAND DESIGN & BUILDING CO., INC.",19014849,2019-07-08,2019-10-18,2019-10-21,93,186.5,Simple (<=100),14.57,14.32,0.75,No,3,2019-10-01,2019-10-01,2020,0.25
BUTLER,1902351401,SIWEK CONSTRUCTION CO.,19023514,2019-10-30,2020-02-14,NA,121,67.5,Moderate (100-200),15.29,15.03,0.96,No,NA,2020-02-01,NA,2020,0.26
VP,1802833701,TODD OSGOOD CONSTRUCTION LLC,18028337,2018-04-16,2018-07-17,2018-07-18,35.08,58.5,Simple (<=100),13.14,12.88,0.31,No,1,2018-07-01,2018-07-01,2019,0.26
BUTLER,1901285901,ANDERSON CONTRACTING LTD.,19012859,2019-06-10,2019-09-25,2019-09-26,121,191.5,Moderate (100-200),15.29,15.03,0.96,No,1,2019-09-01,2019-09-01,2020,0.26
BUTLER,1803145801,"NEW-BELLE CONSTRUCTION, INC.",18031458,2018-05-18,2018-08-30,2018-08-30,104,120.25,Moderate (100-200),14.86,14.6,0.83,No,0,2018-08-01,2018-08-01,2019,0.26
VP,1900622701,KIRBY STRUCTURES LTD,19006227,2019-06-26,2019-10-16,2019-10-17,149.6,269.25,Moderate (100-200),16,15.74,1.17,No,1,2019-10-01,2019-10-01,2020,0.26
BUTLER,1702290801,"ORADELL CONSTRUCTION CO., INC.",17022908,2017-09-22,2018-03-21,2018-03-22,537,472,High Complex (400-800),25.71,25.43,4.08,No,1,2018-03-01,2018-03-01,2018,0.280000000000001
BUTLER,1602312101,OREILLY AUTOMOTIVE,16023121,2016-10-04,2017-01-19,2017-05-24,120,131.25,Moderate (100-200),15.29,15,0.95,No,125,2017-01-01,2017-05-01,2017,0.289999999999999
BUTLER,1803260101,OREILLY AUTOMOTIVE,18032601,2018-06-06,2018-09-21,2019-09-05,120,124,Moderate (100-200),15.29,15,0.95,No,349,2018-09-01,2019-09-01,2019,0.289999999999999
VP,1901637501,PEOPLES CONSTRUCTION CORP.,19016375,2019-07-31,2019-10-25,2019-10-29,0,0,No Engineering Budget,12.29,12,0.05,No,4,2019-10-01,2019-10-01,2020,0.289999999999999
VP,1803425801,LEFEVER BUILDING SYSTEMS,18034258,2018-06-27,2018-10-09,2018-10-10,102.9,115.1,Moderate (100-200),14.86,14.57,0.82,No,1,2018-10-01,2018-10-01,2019,0.289999999999999
BUTLER,1803306901,ISLAND INDUSTRIES LTD.,18033069,2018-06-10,2018-09-11,2018-09-12,40,229.25,Simple (<=100),13.29,13,0.35,No,1,2018-09-01,2018-09-01,2019,0.289999999999999
BUTLER,1803254101,"MET-CON CONSTRUCTION, INC.",18032541,2018-06-01,2018-08-26,2018-08-27,0,380.5,No Engineering Budget,12.29,12,0.05,No,1,2018-08-01,2018-08-01,2019,0.289999999999999
VP,1700280101,"G G RICHARDSON, INC.",17002801,2017-01-27,2017-05-31,2017-06-08,216.89,160.62,Complex (200-400),17.71,17.42,1.68,No,8,2017-05-01,2017-06-01,2017,0.289999999999999
VP,1804669701,OUROWN CONSTRUCTION CORPORATION,18046697,2018-12-11,2019-03-07,2019-02-28,0,173,No Engineering Budget,12.29,12,0.05,No,-7,2019-03-01,2019-02-01,2019,0.289999999999999
BUTLER,1901651801,"FENTON CONSTRUCTION CO., INC.",19016518,2019-07-30,2019-11-12,2019-11-14,108,59.5,Moderate (100-200),15,14.7,0.86,No,2,2019-11-01,2019-11-01,2020,0.300000000000001
BUTLER,1902224001,"FAZIO HOLDINGS, LLC",19022240,2019-10-14,2020-01-30,NA,125,39.75,Moderate (100-200),15.43,15.12,0.99,No,NA,2020-01-01,NA,2020,0.31
BUTLER,1701403601,"HOLMGREN, INC.",17014036,2017-06-02,2017-09-11,2017-09-25,85,102.2,Simple (<=100),14.43,14.12,0.69,No,14,2017-09-01,2017-09-01,2018,0.31
BUTLER,1901904101,"WUNDERLICH BUILDERS, INC.",19019041,2019-09-03,2019-12-18,NA,113,113.75,Moderate (100-200),15.14,14.82,0.9,No,NA,2019-12-01,NA,2020,0.32
BUTLER,1803940201,VALLEY STEEL CONSTRUCTION FRESNO,18039402,2018-08-31,2018-12-04,2018-12-04,50,46.5,Simple (<=100),13.57,13.25,0.42,No,0,2018-12-01,2018-12-01,2019,0.32
BUTLER,1803240401,"AMERICAN STRUCTURES GENERAL, INC.",18032404,2018-06-01,2018-09-13,2018-09-17,101,168,Moderate (100-200),14.86,14.53,0.81,No,4,2018-09-01,2018-09-01,2019,0.33
VP,1901475301,"TRI-PLY CONSTRUCTION, LLC",19014753,2019-07-10,2019-10-25,2019-10-28,117.95,152.25,Moderate (100-200),15.29,14.95,0.93,No,3,2019-10-01,2019-10-01,2020,0.34
VP,1901440701,LEFEVER BUILDING SYSTEMS,19014407,2019-07-02,2019-11-21,NA,317.94,280.25,Complex (200-400),20.29,19.95,2.43,No,NA,2019-11-01,NA,2020,0.34
BUTLER,1701544401,"NORTHWEST CONTRACTING, INC.",17015444,2017-06-22,2017-11-02,2017-11-03,266,208,Complex (200-400),19,18.65,2.04,No,1,2017-11-01,2017-11-01,2018,0.350000000000001
BUTLER,1901073701,"NORTH VALLEY BUILDING SYSTEMS, INC",19010737,2019-05-10,2019-08-08,2019-08-08,20,19.5,CII/FT,12.86,12.5,0.2,No,0,2019-08-01,2019-08-01,2020,0.359999999999999
BUTLER,1803393201,"WENCO CONSTRUCTION COMPANY, LLC",18033932,2018-06-20,2018-09-24,2018-09-25,54,101.25,Simple (<=100),13.71,13.35,0.45,No,1,2018-09-01,2018-09-01,2019,0.360000000000001
BUTLER,1803940901,"JACKSON BUILDERS, INC.",18039409,2018-08-31,2018-12-18,2018-12-19,128,154.75,Moderate (100-200),15.57,15.2,1.01,No,1,2018-12-01,2018-12-01,2019,0.370000000000001
BUTLER,1803940101,VALLEY STEEL CONSTRUCTION FRESNO,18039401,2018-08-31,2018-12-04,2018-12-05,48,51.75,Simple (<=100),13.57,13.2,0.41,No,1,2018-12-01,2018-12-01,2019,0.370000000000001
VP,1702133101,"COOPER CONSTRUCTION COMPANY, INC.",17021331,2017-09-08,2018-01-02,2018-01-03,167.96,208,Moderate (100-200),16.57,16.2,1.31,No,1,2018-01-01,2018-01-01,2018,0.370000000000001
BUTLER,1902029001,"HME, INC.",19020290,2019-09-19,2020-03-12,NA,505,98,No Engineering Budget,25,24.62,3.84,No,NA,2020-03-01,NA,2020,0.379999999999999
BUTLER,1702667301,CLOUSE CONSTRUCTION CORP.,17026673,2017-11-07,2018-03-01,2018-03-02,156,258,Moderate (100-200),16.29,15.9,1.22,No,1,2018-03-01,2018-03-01,2018,0.389999999999999
VP,1803017101,CURTIS LAYER DESIGN/BUILD INC.,18030171,2018-05-07,2018-09-26,2018-09-26,316,296.25,Complex (200-400),20.29,19.9,2.42,No,0,2018-09-01,2018-09-01,2019,0.390000000000001
VP,1802930901,"BUILDING STRUCTURES & EXTERIORS, LLC",18029309,2018-06-04,2018-09-06,2018-09-21,40.6,57.5,Simple (<=100),13.43,13.02,0.35,No,15,2018-09-01,2018-09-01,2019,0.41
BUTLER,1803665901,KOCH CONSTRUCTION COMPANY,18036659,2018-07-27,2018-10-30,2018-10-30,46,43.25,Simple (<=100),13.57,13.15,0.39,No,0,2018-10-01,2018-10-01,2019,0.42
BUTLER,1700400901,OREILLY AUTOMOTIVE,17004009,2017-02-07,2017-05-26,2017-08-28,120,176.75,Moderate (100-200),15.43,15,0.95,No,94,2017-05-01,2017-08-01,2017,0.43
BUTLER,1702765101,OREILLY AUTOMOTIVE,17027651,2017-11-27,2018-03-22,2018-03-28,160,131,Moderate (100-200),16.43,16,1.25,No,6,2018-03-01,2018-03-01,2018,0.43
BUTLER,1700521801,"BLUESCOPE CONSTRUCTION, INC.",17005218,2018-01-23,2018-04-20,2018-04-24,0,0,NA,12.43,12,0.05,No,4,2018-04-01,2018-04-01,2018,0.43
BUTLER,1700484001,"BLUESCOPE CONST., INC - GOVT SERV.",17004840,2017-06-30,2017-09-25,2018-04-09,0,4.5,NA,12.43,12,0.05,No,196,2017-09-01,2018-04-01,2018,0.43
VP,1700260201,"SETZER PROPERTIES, LLC",17002602,2017-01-23,2017-06-21,2017-07-11,354.04,380.25,Complex (200-400),21.29,20.85,2.71,No,20,2017-06-01,2017-07-01,2017,0.439999999999998
BUTLER,1901552601,VAN HOOSE CONSTRUCTION COMPANY,19015526,2019-07-17,2019-12-05,NA,308,206.75,Complex (200-400),20.14,19.7,2.36,No,NA,2019-12-01,NA,2020,0.440000000000001
VP,1802712701,CENTRAL CANADIAN STRUCTURES INC,18027127,2018-04-03,2018-07-11,2018-07-12,68,80.5,Simple (<=100),14.14,13.7,0.56,No,1,2018-07-01,2018-07-01,2019,0.440000000000001
VP,1901245801,"HIVELY CONTRACTING, INC",19012458,2019-08-05,2019-12-03,NA,188.19,152.02,Moderate (100-200),17.14,16.7,1.46,No,NA,2019-12-01,NA,2020,0.440000000000001
VP,1701257101,"MIELKE CONSTRUCTORS, LLC",17012571,2017-05-16,2017-09-13,2017-09-13,187.55,243.9,Moderate (100-200),17.14,16.69,1.46,No,0,2017-09-01,2017-09-01,2018,0.449999999999999
BUTLER,1900592201,"SPAN CONSTRUCTION & ENGINEERING, INC.",19005922,2019-03-15,2020-03-03,NA,1525,2089.75,Very High Complex (>800),50.57,50.12,11.49,No,NA,2020-03-01,NA,2020,0.450000000000003
BUTLER,1901710701,"MEEHAN CONTRACTORS, LTD",19017107,2019-08-07,2019-12-19,NA,267,232.5,Complex (200-400),19.14,18.68,2.05,No,NA,2019-12-01,NA,2020,0.460000000000001
VP,1901576601,"PAT MUNGER CONSTRUCTION CO., INC.",19015766,2019-07-22,2019-11-18,2019-11-19,181.22,315.25,Moderate (100-200),17,16.53,1.41,No,1,2019-11-01,2019-11-01,2020,0.469999999999999
VP,1802663901,STONE MILL CONSTRUCTION LLC,18026639,2018-03-28,2018-07-05,2018-07-06,66.48,53.45,Simple (<=100),14.14,13.66,0.55,No,1,2018-07-01,2018-07-01,2019,0.48
VP,1804247901,CULLISON-WRIGHT CONSTRUCTION CORP.,18042479,2018-10-18,2019-01-25,2019-01-25,66.48,123.5,Simple (<=100),14.14,13.66,0.55,No,0,2019-01-01,2019-01-01,2019,0.48
VP,1804251601,CULLISON-WRIGHT CONSTRUCTION CORP.,18042516,2018-10-18,2019-01-25,2019-01-25,66.48,15.25,Simple (<=100),14.14,13.66,0.55,No,0,2019-01-01,2019-01-01,2019,0.48
BUTLER,1802879001,PATRON SPIRITS MEXICO S.A. DE C.V.,18028790,2018-04-24,2018-10-05,2018-10-05,438,568.38,NA,23.43,22.95,3.33,No,0,2018-10-01,2018-10-01,2019,0.48
VP,1802667001,ELITE STAR CONSTRUCTION LLC,18026670,2018-04-03,2018-08-20,2018-08-20,294.75,390.63,Complex (200-400),19.86,19.37,2.26,No,0,2018-08-01,2018-08-01,2019,0.489999999999998
VP,1700982901,"ROLAND CONSTRUCTION, INC.",17009829,2017-04-17,2017-07-21,2017-07-24,43.1,5.75,Simple (<=100),13.57,13.08,0.37,No,3,2017-07-01,2017-07-01,2018,0.49
VP,1804251501,CULLISON-WRIGHT CONSTRUCTION CORP.,18042515,2018-10-23,2019-01-25,2019-01-25,37.54,80.5,Simple (<=100),13.43,12.94,0.33,No,0,2019-01-01,2019-01-01,2019,0.49
BUTLER,1900338601,"MONTANE BUILDING GROUP, INC.",19003386,2019-06-12,2019-10-24,2019-10-24,266,230.5,Complex (200-400),19.14,18.65,2.04,No,0,2019-10-01,2019-10-01,2020,0.490000000000002
VP,1802442601,"CAROLINA BUILDERS OF FLORENCE, LLC",18024426,2018-03-15,2018-09-07,2018-09-10,506.06,421.75,High Complex (400-800),25.14,24.65,3.85,No,3,2018-09-01,2018-09-01,2019,0.490000000000002
BUTLER,1900492401,"MOLZAHN CONSTRUCTION, INC",19004924,2019-03-04,2019-06-20,2019-06-21,117,331.25,Moderate (100-200),15.43,14.93,0.93,No,1,2019-06-01,2019-06-01,2019,0.5
BUTLER,1900795701,"NORTH VALLEY BUILDING SYSTEMS, INC",19007957,2019-04-08,2019-07-08,2019-07-08,20,22,CII/FT,13,12.5,0.2,No,0,2019-07-01,2019-07-01,2020,0.5
BUTLER,1702696801,"NORTH VALLEY BUILDING SYSTEMS, INC",17026968,2017-11-09,2018-02-08,2018-03-05,20,19,CII/FT,13,12.5,0.2,No,25,2018-02-01,2018-03-01,2018,0.5
VP,1803277401,"DUNN BUILDING COMPANY, L.L.C.",18032774,2018-06-25,2018-10-05,2018-10-05,82.76,285,Simple (<=100),14.57,14.07,0.67,No,0,2018-10-01,2018-10-01,2019,0.5
VP,1902137101,PEOPLES CONSTRUCTION CORP.,19021371,2019-10-07,2020-02-28,NA,322.24,66.5,Complex (200-400),20.57,20.06,2.47,No,NA,2020-02-01,NA,2020,0.510000000000002
VP,1902046001,R C BUILDING CORPORATION OF SC,19020460,2019-09-26,2020-01-17,NA,144.77,49,Moderate (100-200),16.14,15.62,1.14,No,NA,2020-01-01,NA,2020,0.520000000000001
VP,1802705401,PIONEER INCORPORATED,18027054,2018-04-02,2018-07-12,2018-07-12,76,140.5,Simple (<=100),14.43,13.9,0.62,No,0,2018-07-01,2018-07-01,2019,0.529999999999999
BUTLER,1803381801,RIKJAK PROJECTS,18033818,2018-06-19,2018-09-25,2018-09-26,59,79,Simple (<=100),14,13.47,0.49,No,1,2018-09-01,2018-09-01,2019,0.529999999999999
BUTLER,1803251401,"CINCINNATI COMMERCIAL CONTRACTING, LLC",18032514,2018-06-01,2018-09-12,2018-09-13,87,92.75,Simple (<=100),14.71,14.18,0.7,No,1,2018-09-01,2018-09-01,2019,0.530000000000001
BUTLER,1702978501,"U-HAUL INTERNATIONAL, INC.",17029785,2017-12-19,2018-04-19,2018-04-20,190,187.5,Moderate (100-200),17.29,16.75,1.48,No,1,2018-04-01,2018-04-01,2018,0.539999999999999
BUTLER,1803404501,THE FLEMING CONSTRUCTION GROUP LLC,18034045,2018-06-21,2018-10-31,2019-02-18,253,315.63,Complex (200-400),18.86,18.32,1.95,No,110,2018-10-01,2019-02-01,2019,0.539999999999999
VP,1803003601,ZAREMBA GROUP LLC,18030036,2018-05-02,2018-08-14,2018-08-14,92.21,121.55,Simple (<=100),14.86,14.31,0.74,No,0,2018-08-01,2018-08-01,2019,0.549999999999999
VP,1803720801,DUBLIN BUILDING SYSTEMS,18037208,2018-08-27,2018-11-29,2018-11-30,35,49,Simple (<=100),13.43,12.88,0.31,No,1,2018-11-01,2018-11-01,2019,0.549999999999999
VP,1701942901,C.R. MEYER AND SONS COMPANY,17019429,2017-11-01,2018-04-06,2018-04-06,389.75,832.65,Complex (200-400),22.29,21.74,2.97,No,0,2018-04-01,2018-04-01,2018,0.550000000000001
VP,1802777601,"FREDERICKS, INC.",18027776,2018-04-16,2018-07-24,2018-08-01,63.65,96.25,Simple (<=100),14.14,13.59,0.53,No,8,2018-07-01,2018-08-01,2019,0.550000000000001
VP,1802580601,"BUILDING STRUCTURES & EXTERIORS, LLC",18025806,2018-03-21,2018-06-27,2018-08-27,58.12,68.5,Simple (<=100),14,13.45,0.49,No,61,2018-06-01,2018-08-01,2018,0.550000000000001
VP,1701294101,"TEDESCO CONSTRUCTION SERVICES, INC.",17012941,2017-05-19,2017-09-07,2017-09-07,131.81,281.45,Moderate (100-200),15.86,15.3,1.04,No,0,2017-09-01,2017-09-01,2018,0.559999999999999
BUTLER,1900232301,"CONTINENTAL DIVIDE BUILDERS, LLC",19002323,2019-01-31,2019-05-16,2019-05-23,97,244,Simple (<=100),15,14.43,0.78,No,7,2019-05-01,2019-05-01,2019,0.57
VP,1900638701,"ROLAC CONTRACTING, INC.",19006387,2019-04-22,2019-07-19,2019-08-05,0,112.97,No Engineering Budget,12.57,12,0.05,No,17,2019-07-01,2019-08-01,2020,0.57
BUTLER,1700170701,"DESIGN SYSTEMS BUILDERS, INC.",17001707,2017-01-11,2017-05-24,2017-05-25,257,287.5,Complex (200-400),19,18.43,1.98,No,1,2017-05-01,2017-05-01,2017,0.57
BUTLER,1802613601,"BLUESCOPE CONST., INC - GOVT SERV.",18026136,2018-05-07,2018-08-03,2018-08-06,0,0,NA,12.57,12,0.05,No,3,2018-08-01,2018-08-01,2019,0.57
BUTLER,1900578001,"RIMMER & ROETER CONSTRUCTION, INC",19005780,2019-03-15,2019-07-16,2019-07-09,200,206,Moderate (100-200),17.57,17,1.55,No,-7,2019-07-01,2019-07-01,2020,0.57
BUTLER,1804158201,"EDIS BUILDING SYSTEMS, INC.",18041582,2018-10-01,2019-01-17,2019-01-18,114,116.25,Moderate (100-200),15.43,14.85,0.9,No,1,2019-01-01,2019-01-01,2019,0.58
BUTLER,1802953001,"U-HAUL INTERNATIONAL, INC.",18029530,2018-06-12,2018-10-04,2018-10-08,148,83.25,Moderate (100-200),16.29,15.7,1.16,No,4,2018-10-01,2018-10-01,2019,0.59
BUTLER,1901701901,"ALTMANN CONSTRUCTION COMPANY, INC.",19017019,2019-08-09,2020-01-16,NA,411,121.25,High Complex (400-800),22.86,22.27,3.13,No,NA,2020-01-01,NA,2020,0.59
BUTLER,1802647801,"T-A-H CONSTRUCTION, INC.",18026478,2018-03-26,2018-07-13,2018-07-16,119,189,Moderate (100-200),15.57,14.97,0.94,No,3,2018-07-01,2018-07-01,2019,0.6
VP,1702765301,"WHALEN CONSTRUCTION, INC.",17027653,2017-11-22,2018-06-01,2018-06-01,587.18,516.83,High Complex (400-800),27.29,26.68,4.45,No,0,2018-06-01,2018-06-01,2018,0.609999999999999
BUTLER,1802722901,2124140 ONTARIO INC.,18027229,2018-04-04,2018-08-20,2018-08-21,284,455.12,Complex (200-400),19.71,19.1,2.18,No,1,2018-08-01,2018-08-01,2019,0.609999999999999
VP,1802932001,DJ  CONSTRUCTION CO. INC.,18029320,2018-04-24,2018-08-07,2018-08-13,95,121.5,Simple (<=100),15,14.38,0.76,No,6,2018-08-01,2018-08-01,2019,0.619999999999999
VP,1802250001,"CLARK BROTHERS COMPANY, INC.",18022500,2018-04-09,2018-07-18,2018-07-18,66.74,34.5,Simple (<=100),14.29,13.67,0.55,No,0,2018-07-01,2018-07-01,2019,0.619999999999999
VP,1803611001,MICHAEL LICHTENBERG & SONS,18036110,2018-07-23,2018-10-30,2018-10-31,60.63,106.25,Simple (<=100),14.14,13.52,0.5,No,1,2018-10-01,2018-10-01,2019,0.620000000000001
BUTLER,1803371401,"C.W. BRINKLEY, INC.",18033714,2018-06-18,2018-09-25,2018-09-26,60,72.25,Simple (<=100),14.14,13.5,0.5,No,1,2018-09-01,2018-09-01,2019,0.640000000000001
BUTLER,1901475201,"RICE COMPANIES, INC",19014752,2019-07-08,2019-10-24,2019-10-25,111,171.96,Moderate (100-200),15.43,14.78,0.88,No,1,2019-10-01,2019-10-01,2020,0.65
VP,1900307101,"BAKER BUILDERS, LLC",19003071,2019-02-11,2019-05-23,2019-05-23,70.64,65.15,Simple (<=100),14.43,13.77,0.58,No,0,2019-05-01,2019-05-01,2019,0.66
VP,1702072001,"WOODRUFF CONSTRUCTION, LLC",17020720,2017-09-28,2018-03-15,2018-03-20,452.6,377.5,High Complex (400-800),24,23.32,3.44,No,5,2018-03-01,2018-03-01,2018,0.68
BUTLER,1802639201,"STANKER & GALETTO, INC.",18026392,2018-03-26,2018-08-09,2018-08-09,270,358.75,Complex (200-400),19.43,18.75,2.07,No,0,2018-08-01,2018-08-01,2019,0.68
BUTLER,1700410601,"DURA/CONSTRUCTORS, INC",17004106,2017-02-08,2017-06-13,2017-06-13,207,214,Complex (200-400),17.86,17.18,1.6,No,0,2017-06-01,2017-06-01,2017,0.68
BUTLER,1803068401,"EXXCEL PROJECT MANAGEMENT, LLC",18030684,2018-05-09,2018-08-29,2018-09-04,133,126.25,Moderate (100-200),16,15.32,1.05,No,6,2018-08-01,2018-09-01,2019,0.68
VP,1700433201,KERNEN CONSTRUCTION,17004332,2017-02-15,2017-06-23,2017-06-29,224.2,205.88,Complex (200-400),18.29,17.61,1.73,No,6,2017-06-01,2017-06-01,2017,0.68
VP,1900474901,"CANNON BUILDING SYSTEMS, INC.",19004749,2019-03-01,2019-06-10,2019-06-11,70.08,99.2,Simple (<=100),14.43,13.75,0.58,No,1,2019-06-01,2019-06-01,2019,0.68
BUTLER,1804308201,PHALEN STEEL CONSTRUCTION COMPANY,18043082,2018-10-18,2019-02-05,2019-02-05,121,340.5,Moderate (100-200),15.71,15.03,0.96,No,0,2019-02-01,2019-02-01,2019,0.680000000000001
VP,1901894501,"SCHWISOW CONSTRUCTION, INC.",19018945,2019-09-05,2020-01-09,NA,212.51,114,Complex (200-400),18,17.31,1.64,No,NA,2020-01-01,NA,2020,0.690000000000001
BUTLER,1901002801,THE SHERIDAN CORPORATION,19010028,2019-05-02,2019-09-19,2019-09-20,292,275.5,Complex (200-400),20,19.3,2.24,No,1,2019-09-01,2019-09-01,2020,0.699999999999999
VP,1803912601,RIEDEL-WILKS BLDG STRUCTURES INC.,18039126,2018-08-30,2018-12-19,2018-12-17,126.27,116.25,Moderate (100-200),15.86,15.16,1,No,-2,2018-12-01,2018-12-01,2019,0.699999999999999
VP,1802942101,FRED J PIETTE COMPANY INC.,18029421,2018-04-25,2018-08-07,2018-06-28,86.19,42,Simple (<=100),14.86,14.15,0.7,No,-40,2018-08-01,2018-06-01,2019,0.709999999999999
BUTLER,1801967301,"METAL BUILDING RESTORATION, INC.",18019673,2018-01-15,2018-05-25,NA,234,9,Complex (200-400),18.57,17.85,1.8,No,NA,2018-05-01,NA,2018,0.719999999999999
BUTLER,1901451801,"LCI CONSTRUCTION, INC.",19014518,2019-07-08,2019-11-20,2019-11-20,263,455.03,Complex (200-400),19.29,18.57,2.02,No,0,2019-11-01,2019-11-01,2020,0.719999999999999
VP,1901579001,"A. B. SYSTEMS, INC.",19015790,2019-07-23,2019-11-13,2019-11-15,136.72,453.25,Moderate (100-200),16.14,15.42,1.08,No,2,2019-11-01,2019-11-01,2020,0.720000000000001
VP,1901785801,"SUPERSTRUCTURES, INC.",19017858,2019-08-21,2019-12-21,NA,188.19,115.75,Moderate (100-200),17.43,16.7,1.46,No,NA,2019-12-01,NA,2020,0.73
BUTLER,1802645301,"CAMPBELL CONSTRUCTION, INC.",18026453,2018-03-26,2018-08-02,2018-08-02,228,185,Complex (200-400),18.43,17.7,1.76,No,0,2018-08-01,2018-08-01,2019,0.73
VP,1803020201,DUBLIN BUILDING SYSTEMS,18030202,2018-06-25,2018-10-25,2018-10-26,188,154.25,Moderate (100-200),17.43,16.7,1.46,No,1,2018-10-01,2018-10-01,2019,0.73
BUTLER,1901554201,SCHUH CONSTRUCTION INC.,19015542,2019-07-17,2019-11-13,2019-11-12,171,123,Moderate (100-200),17,16.27,1.33,No,-1,2019-11-01,2019-11-01,2020,0.73
VP,1803193101,"IMHOFF CONSTRUCTION SERVICES, INC.",18031931,2018-06-25,2018-10-31,2018-11-02,222,157.8,Complex (200-400),18.29,17.55,1.72,No,2,2018-10-01,2018-11-01,2019,0.739999999999998
BUTLER,1901773301,"UNLIMITED CONSTRUCTION SERVICES, INC.",19017733,2019-08-21,2019-11-22,2019-11-22,22,43,Simple (<=100),13.29,12.55,0.21,No,0,2019-11-01,2019-11-01,2020,0.739999999999998
BUTLER,1902024901,"JACKSON BUILDERS, INC.",19020249,2019-09-19,2020-01-24,NA,216,76.75,Complex (200-400),18.14,17.4,1.67,No,NA,2020-01-01,NA,2020,0.740000000000002
BUTLER,1902057001,"LUNDY CONSTRUCTION CO., INC.",19020570,2019-09-24,2020-01-28,NA,210,19.5,Complex (200-400),18,17.25,1.62,No,NA,2020-01-01,NA,2020,0.75
BUTLER,1803004601,APEX CONTRACTING (SUDBURY) LTD.,18030046,2018-05-02,2018-08-29,2018-08-29,170,179.5,Moderate (100-200),17,16.25,1.32,No,0,2018-08-01,2018-08-01,2019,0.75
BUTLER,1901784201,COAST DEVELOPMENT CO LLC,19017842,2019-08-23,2020-01-15,NA,318,141.25,Complex (200-400),20.71,19.95,2.43,No,NA,2020-01-01,NA,2020,0.760000000000002
BUTLER,1803032501,A. V. LAKE CONSTRUCTION COMPANY,18030325,2018-05-04,2018-08-15,2018-08-16,77,70.75,Simple (<=100),14.71,13.93,0.63,No,1,2018-08-01,2018-08-01,2019,0.780000000000001
BUTLER,1702533901,"SUPREME CONSTRUCTION, INC.",17025339,2017-10-20,2018-01-24,2018-01-25,37,37.75,Simple (<=100),13.71,12.93,0.33,No,1,2018-01-01,2018-01-01,2018,0.780000000000001
VP,1802969601,"CURTISS-MANES-SCHULTE, INC.",18029696,2018-04-30,2018-08-21,2018-08-24,134.59,127.45,Moderate (100-200),16.14,15.36,1.06,No,3,2018-08-01,2018-08-01,2019,0.780000000000001
BUTLER,1804380301,"SEPTAGON CONST. CO., INC. - SEDALIA",18043803,2018-10-29,2019-03-14,2019-03-15,266,353.25,Complex (200-400),19.43,18.65,2.04,No,1,2019-03-01,2019-03-01,2019,0.780000000000001
VP,1701665401,LEFEVER BUILDING SYSTEMS,17016654,2017-07-10,2017-12-05,2017-12-05,334.13,187,Complex (200-400),21.14,20.35,2.56,No,0,2017-12-01,2017-12-01,2018,0.789999999999999
BUTLER,1803450801,"JOSEPH CONSTRUCTION COMPANY, INC.",18034508,2018-06-27,2018-11-09,2018-11-09,260,406.25,Complex (200-400),19.29,18.5,2,No,0,2018-11-01,2018-11-01,2019,0.789999999999999
BUTLER,1803574501,ABCOTT CONSTRUCTION LTD.,18035745,2018-07-17,2018-10-24,2018-10-24,54,76.1,Simple (<=100),14.14,13.35,0.45,No,0,2018-10-01,2018-10-01,2019,0.790000000000001
VP,1804021301,CBC CONSTRUCTION INC,18040213,2018-10-03,2019-01-14,2019-01-15,76.46,93,Simple (<=100),14.71,13.91,0.62,No,1,2019-01-01,2019-01-01,2019,0.800000000000001
BUTLER,1901432301,"STEEL SOLUTIONS, INC.",19014323,2019-07-01,2019-10-30,NA,179,319.75,Moderate (100-200),17.29,16.48,1.39,No,NA,2019-10-01,NA,2020,0.809999999999999
BUTLER,1700948801,OREILLY AUTOMOTIVE,17009488,2017-04-07,2017-07-31,2017-07-31,145,145,Moderate (100-200),16.43,15.62,1.14,No,0,2017-07-01,2017-07-01,2018,0.81
BUTLER,1700688601,JOHN M CALL,17006886,2017-03-10,2017-06-26,2017-06-27,105,157.1,Moderate (100-200),15.43,14.62,0.84,No,1,2017-06-01,2017-06-01,2017,0.81
VP,1702876701,"LOVE'S TRAVEL STOPS & COUNTRY STORES, INC.",17028767,2017-12-06,2018-05-03,2018-05-03,333.24,305.05,Complex (200-400),21.14,20.33,2.55,No,0,2018-05-01,2018-05-01,2018,0.810000000000002
VP,1802283801,"PRE-FAB BUILDERS, INC.",18022838,2018-02-22,2018-06-01,2018-06-25,52.62,43.25,Simple (<=100),14.14,13.32,0.44,No,24,2018-06-01,2018-06-01,2018,0.82
BUTLER,1803940801,"JACKSON BUILDERS, INC.",18039408,2018-08-31,2019-01-10,2018-12-28,241,325.03,Complex (200-400),18.86,18.02,1.86,No,-13,2019-01-01,2018-12-01,2019,0.84
BUTLER,1700922101,OREILLY AUTOMOTIVE,17009221,2017-04-07,2017-07-27,2017-10-31,120,114.75,Moderate (100-200),15.86,15,0.95,No,96,2017-07-01,2017-10-01,2018,0.859999999999999
BUTLER,1803428001,OREILLY AUTOMOTIVE,18034280,2018-06-29,2018-10-18,2019-03-13,120,111,Moderate (100-200),15.86,15,0.95,No,146,2018-10-01,2019-03-01,2019,0.859999999999999
BUTLER,1803484201,OREILLY AUTOMOTIVE,18034842,2018-07-03,2018-10-22,2019-08-29,120,133,Moderate (100-200),15.86,15,0.95,No,311,2018-10-01,2019-08-01,2019,0.859999999999999
BUTLER,1804502601,OREILLY AUTOMOTIVE,18045026,2018-11-13,2019-03-04,2019-03-15,120,105,Moderate (100-200),15.86,15,0.95,No,11,2019-03-01,2019-03-01,2019,0.859999999999999
BUTLER,1804587701,OREILLY AUTOMOTIVE,18045877,2018-11-27,2019-03-18,2019-10-23,120,125,Moderate (100-200),15.86,15,0.95,No,219,2019-03-01,2019-10-01,2019,0.859999999999999
VP,1901358101,VP - EASTERN CASH/DIRECT SALES,19013581,2019-06-28,2019-10-10,2019-10-11,80.03,112,CII/FT,14.86,14,0.65,No,1,2019-10-01,2019-10-01,2020,0.859999999999999
BUTLER,1901772901,"T. VIOLE' CONSTRUCTION COMPANY, INC",19017729,2019-08-20,2019-12-30,NA,240,117.75,Complex (200-400),18.86,18,1.85,No,NA,2019-12-01,NA,2020,0.859999999999999
BUTLER,1803078701,GRASSMERE CONSTRUCTION LTD.,18030787,2018-05-10,2018-08-30,2018-08-31,125,150.5,Moderate (100-200),16,15.12,0.99,No,1,2018-08-01,2018-08-01,2019,0.880000000000001
BUTLER,1900397201,ELECNOR MEXICO S.A. DE C.V.,19003972,2019-02-21,2019-06-06,2019-06-06,83,58.75,NA,15,14.07,0.67,No,0,2019-06-01,2019-06-01,2019,0.93
BUTLER,1901566201,"MORRIS CONSTRUCTION ENTERPRISES, INC.",19015662,2019-07-19,2019-11-21,2019-11-21,197,259.56,Moderate (100-200),17.86,16.93,1.53,No,0,2019-11-01,2019-11-01,2020,0.93
VP,1804286501,PIONEER INCORPORATED,18042865,2018-10-19,2019-03-20,2019-03-25,351.3,821.06,Complex (200-400),21.71,20.78,2.68,No,5,2019-03-01,2019-03-01,2019,0.93
VP,1900504001,DYKSTRA CONSTRUCTION INC,19005040,2019-03-05,2019-06-28,2019-07-08,139.94,248.25,Moderate (100-200),16.43,15.5,1.1,No,10,2019-06-01,2019-07-01,2019,0.93
VP,1901456901,"ROSKILDE BUILDERS, LLC",19014569,2019-07-09,2019-11-07,2019-11-08,174.07,134.17,Moderate (100-200),17.29,16.35,1.36,No,1,2019-11-01,2019-11-01,2020,0.939999999999998
VP,1700763701,"HANSEN-RICE, INC.",17007637,2017-03-31,2017-07-10,2017-10-03,59.5,64.3,Simple (<=100),14.43,13.49,0.5,No,85,2017-07-01,2017-10-01,2018,0.94
VP,1902053901,"JERRY TIDWELL CONSTRUCTION, INC.",19020539,2019-09-25,2020-02-14,NA,293.58,57,Complex (200-400),20.29,19.34,2.25,No,NA,2020-02-01,NA,2020,0.949999999999999
BUTLER,1701991501,"KIMBALL CONSTRUCTION COMPANY, INC.",17019915,2017-08-22,2017-12-05,2017-12-05,82,109.25,Simple (<=100),15,14.05,0.66,No,0,2017-12-01,2017-12-01,2018,0.949999999999999
VP,1802971701,"SIMON & COMPANY, INC.",18029717,2018-04-27,2018-08-20,2018-08-21,138.81,145.25,Moderate (100-200),16.43,15.47,1.09,No,1,2018-08-01,2018-08-01,2019,0.959999999999999
VP,1901806201,LINCOLN BUILDERS OF BATON ROUGE INC,19018062,2019-09-05,2020-01-24,NA,286.97,144.5,Complex (200-400),20.14,19.17,2.2,No,NA,2020-01-01,NA,2020,0.969999999999999
BUTLER,1901440801,MELEWKA HOMES LTD,19014408,2019-07-01,2019-10-16,2019-10-16,93,132.25,Simple (<=100),15.29,14.32,0.75,No,0,2019-10-01,2019-10-01,2020,0.969999999999999
VP,1803419301,"RICH KRAMER CONSTRUCTION, INC.",18034193,2018-06-25,2018-10-22,2018-10-22,161.29,114.77,Moderate (100-200),17,16.03,1.26,No,0,2018-10-01,2018-10-01,2019,0.969999999999999
VP,1803041201,"DICK ANDERSON CONSTRUCTION, INC",18030412,2018-06-14,2018-09-20,2018-09-26,41.09,98.95,Simple (<=100),14,13.03,0.36,No,6,2018-09-01,2018-09-01,2019,0.970000000000001
VP,1901156001,TMC-TAYLOR CONSTRUCTION,19011560,2019-06-18,2019-11-13,2019-11-15,326.16,424,Complex (200-400),21.14,20.15,2.5,No,2,2019-11-01,2019-11-01,2020,0.990000000000002
BUTLER,1700783601,OREILLY AUTOMOTIVE,17007836,2017-03-21,2017-07-11,2017-08-23,120,97.5,Moderate (100-200),16,15,0.95,No,43,2017-07-01,2017-08-01,2018,1
BUTLER,1702674401,OREILLY AUTOMOTIVE,17026744,2017-11-07,2018-02-27,2018-09-10,120,89.5,Moderate (100-200),16,15,0.95,No,195,2018-02-01,2018-09-01,2018,1
VP,1901216001,"LOVE'S TRAVEL STOPS & COUNTRY STORES, INC.",19012160,2019-05-30,2019-09-17,NA,107.9,113.27,Moderate (100-200),15.71,14.7,0.86,No,NA,2019-09-01,NA,2020,1.01
VP,1802799101,"KNCOS, INC.",18027991,2018-04-30,2018-09-19,2018-09-20,291,150.25,Complex (200-400),20.29,19.27,2.23,No,1,2018-09-01,2018-09-01,2019,1.02
BUTLER,1700141101,THE SHERIDAN CORPORATION,17001411,2017-01-06,2017-06-17,2017-06-20,405,391.5,High Complex (400-800),23.14,22.12,3.09,No,3,2017-06-01,2017-06-01,2017,1.02
BUTLER,1802555001,B.B.C.S. INC.,18025550,2018-03-19,2018-07-03,2018-07-05,85,101.25,Simple (<=100),15.14,14.12,0.69,No,2,2018-07-01,2018-07-01,2019,1.02
BUTLER,1804204901,"COLEMAN-ADAMS CONSTRUCTION, INC.",18042049,2018-10-08,2019-01-24,2019-01-24,96,119.5,Simple (<=100),15.43,14.4,0.77,No,0,2019-01-01,2019-01-01,2019,1.03
BUTLER,1803109601,THE PANGERE CORPORATION,18031096,2018-05-15,2018-10-11,2018-10-12,329,344.21,Complex (200-400),21.29,20.23,2.52,No,1,2018-10-01,2018-10-01,2019,1.06
VP,1901185401,"PATCO CONSTRUCTION, INC.",19011854,2019-05-28,2019-09-03,2019-08-29,37.54,106.5,Simple (<=100),14,12.94,0.33,No,-5,2019-09-01,2019-08-01,2020,1.06
VP,1702789001,"TETON WEST CONSTRUCTION, INC.",17027890,2017-11-30,2018-03-08,2018-03-15,37.54,100.58,Simple (<=100),14,12.94,0.33,No,7,2018-03-01,2018-03-01,2018,1.06
VP,1802807801,STEENBLOCK CONSTRUCTION GROUP LLC,18028078,2018-06-29,2018-11-14,2018-11-15,265.6,290,Complex (200-400),19.71,18.64,2.04,No,1,2018-11-01,2018-11-01,2019,1.07
BUTLER,1803240701,"AMERICAN STRUCTURES GENERAL, INC.",18032407,2018-06-01,2018-09-18,2018-09-18,100,185.25,Simple (<=100),15.57,14.5,0.8,No,0,2018-09-01,2018-09-01,2019,1.07
VP,1901473001,"DUNN BUILDING COMPANY, L.L.C.",19014730,2019-07-05,2019-11-18,2019-11-12,253.04,250,Complex (200-400),19.43,18.33,1.95,No,-6,2019-11-01,2019-11-01,2020,1.1
VP,1803170101,FRED J PIETTE COMPANY INC.,18031701,2018-05-24,2018-09-17,2018-09-18,138.32,130.75,Moderate (100-200),16.57,15.46,1.09,No,1,2018-09-01,2018-09-01,2019,1.11
VP,1701474801,HAMMOND HOMES & CONSTRUCTION,17014748,2017-06-14,2017-09-21,2017-09-22,41.1,36.5,Simple (<=100),14.14,13.03,0.36,No,1,2017-09-01,2017-09-01,2018,1.11
VP,1803554801,"W. A. STRATTON CONST. CO., INC.",18035548,2018-07-16,2018-10-22,2018-10-22,35.09,80,Simple (<=100),14,12.88,0.31,No,0,2018-10-01,2018-10-01,2019,1.12
VP,1802826501,"HARRELL CONSTRUCTION OF GA, INC.",18028265,2018-04-17,2018-07-24,2018-09-10,35.09,29.35,Simple (<=100),14,12.88,0.31,No,48,2018-07-01,2018-09-01,2019,1.12
VP,1803355001,KIRBY STRUCTURES LTD,18033550,2018-06-15,2018-09-25,2018-09-26,57.63,129.5,Simple (<=100),14.57,13.44,0.48,No,1,2018-09-01,2018-09-01,2019,1.13
VP,1901770501,CRESCO BUILDING SERVICE,19017705,2019-08-16,2019-12-18,NA,183.31,96,Moderate (100-200),17.71,16.58,1.42,No,NA,2019-12-01,NA,2020,1.13
VP,1804668701,VANSTON-O'BRIEN C/O WOLVERINE STEEL ERECTORS,18046687,2018-12-07,2019-04-01,2019-04-15,131.7,175,Moderate (100-200),16.43,15.29,1.04,No,14,2019-04-01,2019-04-01,2019,1.14
BUTLER,1803813301,SCOTT BUILDERS INC.,18038133,2018-08-16,2018-12-21,2018-12-27,200,352,Moderate (100-200),18.14,17,1.55,No,6,2018-12-01,2018-12-01,2019,1.14
VP,1901340301,ABUCK INC.,19013403,2019-06-28,2019-12-31,NA,537.12,425,High Complex (400-800),26.57,25.43,4.08,No,NA,2019-12-01,NA,2020,1.14
VP,1700482801,"R. W. ALLEN, LLC",17004828,2017-03-16,2017-06-28,2017-07-05,68.39,107.5,Simple (<=100),14.86,13.71,0.56,No,7,2017-06-01,2017-07-01,2017,1.15
BUTLER,1701019501,OREILLY AUTOMOTIVE,17010195,2017-04-20,2017-08-17,2017-08-18,154,154.25,Moderate (100-200),17,15.85,1.21,No,1,2017-08-01,2017-08-01,2018,1.15
BUTLER,1802324601,"LARSON-DANIELSON CONSTR. CO., INC",18023246,2018-02-22,2018-06-06,2018-06-08,67,85,Simple (<=100),14.86,13.68,0.55,No,2,2018-06-01,2018-06-01,2018,1.18
BUTLER,1702693601,"SPAN CONSTRUCTION & ENGINEERING, INC.",17026936,2017-11-27,2018-07-26,2018-07-27,850,883.75,Very High Complex (>800),34.43,33.25,6.42,No,1,2018-07-01,2018-07-01,2019,1.18
BUTLER,1701363801,"NORTH VALLEY BUILDING SYSTEMS, INC",17013638,2017-05-30,2017-10-19,2017-10-20,284,119.1,Complex (200-400),20.29,19.1,2.18,No,1,2017-10-01,2017-10-01,2018,1.19
VP,1803225401,"STEEL STRUCTURES, INC.",18032254,2018-05-31,2018-10-02,2018-10-04,181,237.8,Moderate (100-200),17.71,16.52,1.41,No,2,2018-10-01,2018-10-01,2019,1.19
VP,1802356001,"TOM CLAYTON ERECTORS, LLC",18023560,2018-06-20,2018-10-11,2018-10-24,118,153.43,Moderate (100-200),16.14,14.95,0.94,No,13,2018-10-01,2018-10-01,2019,1.19
BUTLER,1803168001,CLOUSE CONSTRUCTION CORP.,18031680,2018-05-22,2018-09-26,2018-09-27,197,291.25,Moderate (100-200),18.14,16.93,1.53,No,1,2018-09-01,2018-09-01,2019,1.21
VP,1802945801,MARSIGLIA CONSTRUCTION CO.,18029458,2018-05-02,2018-08-16,2018-08-23,76.67,216,Simple (<=100),15.14,13.92,0.63,No,7,2018-08-01,2018-08-01,2019,1.22
VP,1900894501,K. WOHLTMAN CONSTRUCTION,19008945,2019-04-23,2019-07-30,2019-07-29,31,34.75,Simple (<=100),14,12.78,0.28,No,-1,2019-07-01,2019-07-01,2020,1.22
VP,1802838501,FARRIOR & SONS,18028385,2018-04-16,2018-07-27,2018-07-27,53.62,66,Simple (<=100),14.57,13.34,0.45,No,0,2018-07-01,2018-07-01,2019,1.23
BUTLER,1701087401,DF COFFRAGES INC.,17010874,2017-04-28,2017-08-31,2017-08-31,185,221.75,Moderate (100-200),17.86,16.62,1.44,No,0,2017-08-01,2017-08-01,2018,1.24
VP,1701924501,RIEDEL-WILKS BLDG STRUCTURES INC.,17019245,2017-08-11,2017-12-21,2017-12-22,224.68,332.75,Complex (200-400),18.86,17.62,1.74,No,1,2017-12-01,2017-12-01,2018,1.24
BUTLER,1702296101,"HANCE CONSTRUCTION, INC.",17022961,2017-09-25,2018-08-27,2018-08-28,1390,1437.5,Very High Complex (>800),48,46.75,10.47,No,1,2018-08-01,2018-08-01,2019,1.25
BUTLER,1902217401,"ELTER BUILDING SYSTEMS, INC.",19022174,2019-10-14,2020-03-05,NA,287,34.75,Complex (200-400),20.43,19.18,2.2,No,NA,2020-03-01,NA,2020,1.25
VP,1701413101,RIEDEL-WILKS BLDG STRUCTURES INC.,17014131,2017-06-06,2017-11-10,2017-11-10,367.06,308.4,Complex (200-400),22.43,21.18,2.8,No,0,2017-11-01,2017-11-01,2018,1.25
BUTLER,1901441001,MELEWKA HOMES LTD,19014410,2019-07-01,2019-10-18,NA,93,23.5,Simple (<=100),15.57,14.32,0.75,No,NA,2019-10-01,NA,2020,1.25
VP,1804274601,"SIMON & COMPANY, INC.",18042746,2018-10-16,2019-03-07,2019-05-03,281.33,259.25,Complex (200-400),20.29,19.03,2.16,No,57,2019-03-01,2019-05-01,2019,1.26
VP,1701193201,"RILEY CONSTRUCTION COMPANY, INC.",17011932,2017-05-30,2017-09-08,2017-09-11,46.6,58.75,Simple (<=100),14.43,13.16,0.4,No,3,2017-09-01,2017-09-01,2018,1.27
BUTLER,1901577501,KRULL CONSTRUCTION COMPANY INC,19015775,2019-07-19,2019-11-08,2019-11-08,109,127.96,Moderate (100-200),16,14.72,0.87,No,0,2019-11-01,2019-11-01,2020,1.28
BUTLER,1802927101,THE FLEMING CONSTRUCTION GROUP LLC,18029271,2018-04-24,2018-08-24,2018-08-24,166,323.58,Moderate (100-200),17.43,16.15,1.29,No,0,2018-08-01,2018-08-01,2019,1.28
BUTLER,1601851001,OREILLY AUTOMOTIVE,16018510,2016-08-09,2016-12-01,2017-10-12,120,98,Moderate (100-200),16.29,15,0.95,No,315,2016-12-01,2017-10-01,2017,1.29
BUTLER,1602901201,OREILLY AUTOMOTIVE,16029012,2017-01-04,2017-04-28,2017-08-30,120,116,Moderate (100-200),16.29,15,0.95,No,124,2017-04-01,2017-08-01,2017,1.29
BUTLER,1801971501,OREILLY AUTOMOTIVE,18019715,2018-01-17,2018-05-11,2019-04-09,120,100,Moderate (100-200),16.29,15,0.95,No,333,2018-05-01,2019-04-01,2018,1.29
BUTLER,1803048801,OREILLY AUTOMOTIVE,18030488,2018-05-09,2018-08-31,2019-05-15,120,91.5,Moderate (100-200),16.29,15,0.95,No,257,2018-08-01,2019-05-01,2019,1.29
BUTLER,1901176301,"NORTH VALLEY BUILDING SYSTEMS, INC",19011763,2019-05-28,2019-10-02,2019-10-03,194,247.5,Moderate (100-200),18.14,16.85,1.5,No,1,2019-10-01,2019-10-01,2020,1.29
BUTLER,1804030401,"BLUESCOPE CONSTRUCTION, INC.",18040304,2018-10-29,2019-01-30,2019-01-31,0,0,NA,13.29,12,0.05,No,1,2019-01-01,2019-01-01,2019,1.29
BUTLER,1803297701,"NORTH VALLEY BUILDING SYSTEMS, INC",18032977,2018-06-11,2018-09-28,2018-10-01,91,96.5,Simple (<=100),15.57,14.28,0.73,No,3,2018-09-01,2018-10-01,2019,1.29
BUTLER,1601024901,OREILLY AUTOMOTIVE,16010249,2016-05-03,2016-09-06,2017-06-15,188,187.75,Moderate (100-200),18,16.7,1.46,No,282,2016-09-01,2017-06-01,2017,1.3
BUTLER,1901285301,"SUPREME CONSTRUCTION, INC.",19012853,2019-06-10,2019-10-11,2019-10-14,171,327.43,Moderate (100-200),17.57,16.27,1.33,No,3,2019-10-01,2019-10-01,2020,1.3
VP,1802730101,"TETON WEST CONSTRUCTION, INC.",18027301,2018-04-11,2018-08-17,2018-08-20,199.67,225.64,Moderate (100-200),18.29,16.99,1.55,No,3,2018-08-01,2018-08-01,2019,1.3
VP,1802934501,ZAREMBA GROUP LLC,18029345,2018-04-24,2018-08-13,2018-08-15,102.11,74,Moderate (100-200),15.86,14.55,0.82,No,2,2018-08-01,2018-08-01,2019,1.31
BUTLER,1901957901,"CEDAR FALLS BUILDING SYSTEMS, INC.",19019579,2019-09-10,2020-01-10,NA,165,188.75,Moderate (100-200),17.43,16.12,1.29,No,NA,2020-01-01,NA,2020,1.31
VP,1802547401,"CANNON BUILDING SYSTEMS, INC.",18025474,2018-04-03,2018-07-23,2018-07-24,102.16,110.5,Moderate (100-200),15.86,14.55,0.82,No,1,2018-07-01,2018-07-01,2019,1.31
BUTLER,1900831101,"RIMMER & ROETER CONSTRUCTION, INC",19008311,2019-04-12,2019-08-29,2019-09-10,262,649.55,Complex (200-400),19.86,18.55,2.01,No,12,2019-08-01,2019-09-01,2020,1.31
VP,1900182001,"A. B. SYSTEMS, INC.",19001820,2019-01-25,2019-05-15,2019-05-14,95.96,136.97,Simple (<=100),15.71,14.4,0.77,No,-1,2019-05-01,2019-05-01,2019,1.31
VP,1900879301,"ROLAND CONSTRUCTION, INC.",19008793,2019-04-22,2019-08-13,2019-08-14,113.13,135.75,Moderate (100-200),16.14,14.83,0.9,No,1,2019-08-01,2019-08-01,2020,1.31
VP,1702330901,RIEDEL-WILKS BLDG STRUCTURES INC.,17023309,2017-10-03,2018-01-25,2018-02-20,118.26,104.75,Moderate (100-200),16.29,14.96,0.94,No,26,2018-01-01,2018-02-01,2018,1.33
BUTLER,1802979101,"GEORGIA COMMERCIAL CONSTRUCTION, INC.",18029791,2018-04-30,2018-09-05,2018-09-06,198,218.5,Moderate (100-200),18.29,16.95,1.53,No,1,2018-09-01,2018-09-01,2019,1.34
BUTLER,1803943401,"CAROLINA METAL BUILDINGS, INC.",18039434,2018-08-31,2019-01-10,2019-01-11,221,185.25,Complex (200-400),18.86,17.52,1.71,No,1,2019-01-01,2019-01-01,2019,1.34
VP,1700767201,1940891 ONTARIO INC,17007672,2017-03-31,2017-07-07,2017-07-10,26.57,19.75,CII/FT,14,12.66,0.25,No,3,2017-07-01,2017-07-01,2018,1.34
VP,1701397201,"PRE-FAB BUILDERS, INC.",17013972,2017-06-05,2017-10-06,2017-10-06,169.3,100.75,Moderate (100-200),17.57,16.23,1.32,No,0,2017-10-01,2017-10-01,2018,1.34
VP,1803942301,PENNIAC CONSTRUCTION LIMITED,18039423,2018-09-05,2018-12-14,2018-12-14,37.6,25,Simple (<=100),14.29,12.94,0.33,No,0,2018-12-01,2018-12-01,2019,1.35
BUTLER,1804204201,"COLEMAN-ADAMS CONSTRUCTION, INC.",18042042,2018-10-08,2019-01-30,2019-01-30,117,239.5,Moderate (100-200),16.29,14.93,0.93,No,0,2019-01-01,2019-01-01,2019,1.36
BUTLER,1803414801,GRASSMERE CONSTRUCTION LTD.,18034148,2018-06-22,2018-11-15,2018-11-15,300,276.7,Complex (200-400),20.86,19.5,2.3,No,0,2018-11-01,2018-11-01,2019,1.36
VP,1700763501,"HANSEN-RICE, INC.",17007635,2017-03-31,2017-07-21,2017-07-24,105.2,125.35,Moderate (100-200),16,14.63,0.84,No,3,2017-07-01,2017-07-01,2018,1.37
VP,1802152301,"KIRKLAND, INC.",18021523,2018-02-12,2018-06-07,2018-06-11,122.25,69.5,Moderate (100-200),16.43,15.06,0.97,No,4,2018-06-01,2018-06-01,2018,1.37
BUTLER,1602776101,"ORADELL CONSTRUCTION CO., INC.",16027761,2016-12-06,2017-06-12,2017-06-13,539,402,High Complex (400-800),26.86,25.48,4.09,No,1,2017-06-01,2017-06-01,2017,1.38
BUTLER,1900256801,CLARK BUILDERS,19002568,2019-02-04,2019-06-12,2019-06-12,196,110.25,Moderate (100-200),18.29,16.9,1.52,No,0,2019-06-01,2019-06-01,2019,1.39
BUTLER,1804628301,"STEEL WORX SOLUTIONS, LLC",18046283,2018-11-30,2019-03-29,2019-04-01,144,176.85,Moderate (100-200),17,15.6,1.13,No,3,2019-03-01,2019-04-01,2019,1.4
BUTLER,1901997501,"CARLIN CONSTRUCTION COMPANY, LLC",19019975,2019-09-16,2020-02-20,NA,361,53.75,Complex (200-400),22.43,21.02,2.76,No,NA,2020-02-01,NA,2020,1.41
BUTLER,1803176501,"NORTH VALLEY BUILDING SYSTEMS, INC",18031765,2018-05-24,2018-09-19,2018-09-20,138,73,Moderate (100-200),16.86,15.45,1.08,No,1,2018-09-01,2018-09-01,2019,1.41
VP,1804677401,"JON PROPERTIES, LLC",18046774,2018-12-14,2019-04-03,2019-04-15,91.43,175,Simple (<=100),15.71,14.29,0.74,No,12,2019-04-01,2019-04-01,2019,1.42
BUTLER,1803318201,OREILLY AUTOMOTIVE,18033182,2018-06-14,2018-10-07,2019-05-15,120,89,Moderate (100-200),16.43,15,0.95,No,220,2018-10-01,2019-05-01,2019,1.43
BUTLER,1804438701,OREILLY AUTOMOTIVE,18044387,2018-11-06,2019-03-01,2019-08-14,120,119.5,Moderate (100-200),16.43,15,0.95,No,166,2019-03-01,2019-08-01,2019,1.43
BUTLER,1900537401,OREILLY AUTOMOTIVE,19005374,2019-03-11,2019-07-04,2019-09-04,120,143.05,Moderate (100-200),16.43,15,0.95,No,62,2019-07-01,2019-09-01,2020,1.43
BUTLER,1900325501,BULLOCK CONSTRUCTION,19003255,2019-02-12,2019-05-27,2019-05-28,57,83.5,Simple (<=100),14.86,13.43,0.48,No,1,2019-05-01,2019-05-01,2019,1.43
BUTLER,1803647801,BRIX CORPORATION,18036478,2018-07-25,2018-11-07,2018-11-08,62,196.25,Simple (<=100),15,13.55,0.52,No,1,2018-11-01,2018-11-01,2019,1.45
VP,1803347601,ZAREMBA GROUP LLC,18033476,2018-06-14,2018-10-02,2018-10-03,90.47,91.25,Simple (<=100),15.71,14.26,0.73,No,1,2018-10-01,2018-10-01,2019,1.45
BUTLER,1803024901,"BOBBITT DESIGN BUILD, INC.",18030249,2018-05-04,2018-08-30,2018-08-31,136,83.75,Moderate (100-200),16.86,15.4,1.07,No,1,2018-08-01,2018-08-01,2019,1.46
BUTLER,1901439201,"MEEHAN CONTRACTORS, LTD",19014392,2019-07-01,2019-11-13,2019-11-15,233,464.5,Complex (200-400),19.29,17.82,1.8,No,2,2019-11-01,2019-11-01,2020,1.47
VP,1802668801,DURAND BUILDERS SERVICE,18026688,2018-04-05,2018-09-17,2018-09-17,403.75,431.5,High Complex (400-800),23.57,22.09,3.08,No,0,2018-09-01,2018-09-01,2019,1.48
VP,1700361601,"CHG BUILDING SYSTEMS, INC.",17003616,2017-04-10,2017-08-03,2017-08-03,117.3,164.25,Moderate (100-200),16.43,14.93,0.93,No,0,2017-08-01,2017-08-01,2018,1.5
BUTLER,1901251201,FLEMING WEST BUILDING CO.,19012512,2019-06-05,2019-09-11,2019-09-11,20,23.25,CII/FT,14,12.5,0.2,No,0,2019-09-01,2019-09-01,2020,1.5
